mink factor,Slight-Right-Turn_Precision,Sharp-Right-Turn_Precision,Move-Forward_Precision,Slight-Left-Turn_Precision,Slight-Right-Turn_Recall,Sharp-Right-Turn_Recall,Move-Forward_Recall,Slight-Left-Turn_Recall,Slight-Right-Turn_F1,Sharp-Right-Turn_F1,Move-Forward_F1,Slight-Left-Turn_F1,mean_time (s)
0.5,0.9444127624900049,0.973755220144488,0.9641560252401036,0.9778851817957139,0.9521065375302663,0.9792570714384474,0.9610137012898333,0.9430487804878044,0.9481768006182857,0.9764866864912202,0.9625627311258015,0.960037872336651,0.3363591119997
0.6666666666666666,0.947216305666635,0.9743033211068601,0.9631466389025063,0.978550136002596,0.9484745762711867,0.9794381690304839,0.9627371810587527,0.944146341463414,0.947771309358238,0.976851693029759,0.9629204038314727,0.9609239920836423,0.7842183649999788
1.0,0.9487692051651545,0.9747011879164184,0.963009097876639,0.975775544709586,0.9464648910411618,0.9797623600084414,0.9639345178057532,0.9420731707317067,0.9475358265337583,0.9772116393079624,0.9634506026483123,0.9585113412772935,0.35207834600027127
1.5,0.9478553174588111,0.9746143725692822,0.9629512599118821,0.9739866764393915,0.9469733656174333,0.9795906588608568,0.963109050880868,0.9423780487804878,0.9473362686413612,0.9770827230629159,0.963008885311134,0.957787328183322,0.781569333999978
2.0,0.9451704098038433,0.9744852933346599,0.9620544624761591,0.9723096964304189,0.9455205811138018,0.9792949210080117,0.9619481269528909,0.940426829268293,0.9452711837535704,0.9768703272850563,0.9619799372746499,0.955957127201734,0.3185805579999942
2.5,0.9441194116271651,0.9735406790920464,0.9617346634233876,0.971122118826002,0.9447457627118646,0.9792472838544893,0.9606782196056622,0.9392073170731706,0.9443496872054636,0.9763721512201984,0.9611849191659398,0.9547554969640228,0.7854116900001463
