,cov usado,norma da diferença
4_readings,cov_1,3.607047236010484e-15
4_readings,cov_2,0.0
4_readings,cov_3,1.2290762566891349e-14
4_readings,cov_4,1.9085431309186213e-15
24_readings,cov_1,1.2082032079172133e-13
24_readings,cov_2,8.993834424997155e-17
24_readings,cov_3,2.35537762927011e-13
24_readings,cov_4,2.680424643774055e-14
