,cov_function,time_(s) mean,std
0,cov_1,0.019569107000133954,0.0002804083828811951
1,cov_2,4.176199990979512e-05,5.327208189425651e-06
2,cov_3,0.017844765999889205,0.00045358026430047043
3,cov_4,3.838099997665267e-05,3.391692038294602e-06
