cov_function,time_(ms)
cov_1,0.024359889999832376
cov_2,0.00035901000002922954
cov_3,0.02271413400027086
cov_4,0.00019024399982299654
