cov_function,time_(ms)
cov_1,0.019706328999964173
cov_2,4.199000017251819e-05
cov_3,0.018084639999651698
cov_4,3.9033999710227365e-05
