cov_function,time_(s)
cov_1,0.019963575000019773
cov_2,4.1308000072604044e-05
cov_3,0.018201623000040853
cov_4,3.878200001054211e-05
