cov_function,time_(ms)
cov_1,0.019642620000086028
cov_2,4.153199995926116e-05
cov_3,0.01801672600020538
cov_4,3.778199978114571e-05
