,cov_function,time_(s) mean,std
0,cov_1,0.02409329299996898,0.0006423317455134383
1,cov_2,0.00037095899997439117,1.2759342813517246e-05
2,cov_3,0.022541470999949523,0.0002242972744565679
3,cov_4,0.00019180100001904067,1.0648369728844019e-05
