cov_function,time_(s)
cov_1,0.024420323999929678
cov_2,0.00036044000002220854
cov_3,0.022739916000036827
cov_4,0.00018900699995356263
