cov_function,time_(ms)
cov_1,0.024318330000533024
cov_2,0.00037198900019575376
cov_3,0.02289732899982482
cov_4,0.00018934800042188726
