mink factor,Slight-Right-Turn_Precision,Sharp-Right-Turn_Precision,Move-Forward_Precision,Slight-Left-Turn_Precision,Slight-Right-Turn_Recall,Sharp-Right-Turn_Recall,Move-Forward_Recall,Slight-Left-Turn_Recall,Slight-Right-Turn_F1,Sharp-Right-Turn_F1,Move-Forward_F1,Slight-Left-Turn_F1,mean_time (s)
0.5,0.9133448094417291,0.9611031966445261,0.9434793662752212,0.9686817234804441,0.9247503782148258,0.9670441001191891,0.9391156462585032,0.9280916030534349,0.9188683940683271,0.9640343129950015,0.941252462118724,0.9477665148873626,0.2205154739997306
0.6666666666666666,0.9153885122505564,0.9620539499023747,0.9433754599600469,0.9662033526457526,0.9209833585476546,0.9685399284862929,0.9399206349206345,0.9314122137404577,0.918021427819966,0.965254469879132,0.9416039767526986,0.9482970320268348,0.5049399480001011
1.0,0.9160848077687959,0.9629032741670305,0.9427709696114454,0.9624864520738191,0.9157034795763994,0.9693742550655539,0.9412074829931969,0.9306106870229007,0.9157229745739665,0.9660968927012265,0.9419442855221957,0.9460582922402743,0.230118151000097
1.5,0.9159484387459444,0.9629475552795487,0.940016043892091,0.9590435377371443,0.9121785173978819,0.9675506555423119,0.9412471655328791,0.9287786259541985,0.9138640038332504,0.9652090957767864,0.9405855135049643,0.943424413033713,0.5043578019997585
2.0,0.9139548811904231,0.9622769875565761,0.9375318993534872,0.9581170021455665,0.9072163388804846,0.9667401668653153,0.9401757369614507,0.9269465648854961,0.9103835551877366,0.9644697719155552,0.9388089454889914,0.9420251622942689,0.20908648600005109
2.5,0.9139295632738951,0.9617237880832537,0.9363133058730219,0.9565971838455681,0.9050983358547655,0.966138259833135,0.9396995464852604,0.9261068702290072,0.9093078134304382,0.9638924486643395,0.9379595862586554,0.9408353110936177,0.5041660929999853
