,Class,POSTO,RCOND,INVERTIBILIDADE
0,GLOBAL,4,0.13211912140497778,True
1,Slight-Right-Turn,4,0.004573031414263326,True
2,Sharp-Right-Turn,4,0.004650776418605241,True
3,Move-Forward,4,0.015543050141722258,True
4,Slight-Left-Turn,4,0.08998913145265641,True
