,Class,POSTO,RCOND,INVERTIBILIDADE
0,GLOBAL,24,0.048666464748096244,True
1,Slight-Right-Turn,24,0.005097536691644166,True
2,Sharp-Right-Turn,24,0.031960639704519456,True
3,Move-Forward,24,0.018702477937696783,True
4,Slight-Left-Turn,24,0.005767625625375585,True
