mink factor,Slight-Right-Turn_Precision,Sharp-Right-Turn_Precision,Move-Forward_Precision,Slight-Left-Turn_Precision,Slight-Right-Turn_Recall,Sharp-Right-Turn_Recall,Move-Forward_Recall,Slight-Left-Turn_Recall,Slight-Right-Turn_F1,Sharp-Right-Turn_F1,Move-Forward_F1,Slight-Left-Turn_F1,mean_time (s)
0.5,0.9285285418505825,0.968479739273338,0.9538347288083985,0.9731003993529186,0.9379411764705885,0.972990463215259,0.9510233160621763,0.9372608695652183,0.9331084218329615,0.9707119301948696,0.9523980100078475,0.9546977057003281,0.28426009100017835
0.6666666666666666,0.9312552072717369,0.9690274460583572,0.953585203290674,0.972326275209674,0.9345674740484431,0.9741212534059942,0.9521113989637309,0.9396521739130443,0.932797697491575,0.9715462989545833,0.9528180406631273,0.9555731972265565,0.6580931420000706
1.0,0.9327955496096004,0.9697508573320894,0.9535702382691685,0.9679547393284074,0.931384083044983,0.974843324250681,0.9535427461139903,0.9377391304347833,0.9319714206325953,0.9722683684738133,0.9535250875218959,0.9524293373785452,0.29721035099999427
1.5,0.9325642779043535,0.969528715718571,0.9524162987733272,0.9653017655612086,0.9298096885813151,0.9742506811989098,0.9530893782383426,0.9361739130434791,0.9310675056420453,0.9718611887548054,0.9527217192714303,0.9503123436379138,0.6569419059999927
2.0,0.9299901731353616,0.9691269048902733,0.9503226195431389,0.9643946547221093,0.9260380622837369,0.9736035422343323,0.9518264248704671,0.9342608695652183,0.9278853468318586,0.9713369972757167,0.9510422528711752,0.9488820028760624,0.2688587350000307
2.5,0.9293108439630069,0.9685095555190021,0.949291277601801,0.9633234183930186,0.9243944636678196,0.9732425068119891,0.9509002590673579,0.933391304347827,0.9267175345281154,0.9708475070903443,0.9500642190493487,0.9479173195640922,0.6570864690000598
