m,accuracy,time
0.50,0.9679487179487174,0.23258102199819405
0.67,0.9690201465201465,0.23118496899493038
1.00,0.9683333333333328,0.2343312099989271
1.50,0.9696062271062269,0.23448495600023306
2.00,0.9692857142857139,0.2344332279980881
2.50,0.9686630036630034,0.23307913299882785
