m,accuracy,time
0.50,0.9689652014652012,0.19716043200020067
0.67,0.9684065934065934,0.19719352499971138
1.00,0.9687912087912086,0.19939586799984682
1.50,0.9689835164835163,0.2000088579998919
2.00,0.9686721611721607,0.2049545519997264
2.50,0.968763736263736,0.20070153800003027
