,SD_front,SD_front,SD_front,SD_front,SD_front,SD_left,SD_left,SD_left,SD_left,SD_left,SD_right,SD_right,SD_right,SD_right,SD_right,SD_back,SD_back,SD_back,SD_back,SD_back
,count,mean,var,skew,kurt,count,mean,var,skew,kurt,count,mean,var,skew,kurt,count,mean,var,skew,kurt
Class,,,,,,,,,,,,,,,,,,,,
Move-Forward,2205,1.5849365079365079,0.467914406130268,1.4675651409441224,1.9509801411464212,2205,0.6522639455782313,0.008976705255750207,0.16890402580913075,-0.9421089099146376,2205,1.863251247165533,0.2830979168825181,1.1635840851089039,0.6979139232351126,2205,1.0805909297052154,0.3414567844911947,3.3181999894409704,17.176814579381713
Sharp-Right-Turn,2097,0.7996223175965665,0.005397199845198702,-1.8274641076707707,4.092712360520576,2097,0.6634768717215068,0.10910503298104907,7.770466979712134,79.15892786263193,2097,1.9121392465426799,0.44871917334924083,0.6695542370666777,-0.5183753162112619,2097,1.4343104434907008,1.1212511197048147,1.9331951493590895,3.2583100262743723
Slight-Left-Turn,328,1.4562591463414636,0.10522024150630269,0.056162439843782455,-1.2854186115060628,328,1.5630579268292684,0.2756428865424778,1.578531217553462,5.018358777531631,328,1.6323993902439025,0.09831328036659953,0.5137968340478918,0.3170321516195207,328,2.1536219512195123,0.20676544073991218,1.8762927641839002,10.476661601854298
Slight-Right-Turn,826,1.6836174334140435,0.2816306607381315,2.1728747282174936,8.159803671919036,826,0.45371549636803876,0.0016086207777533152,-1.4847221570186069,1.2485563253370557,826,1.9534515738498788,0.12394399583388369,1.9960494779357307,7.807877631565405,826,1.0319685230024211,0.0906029590079976,-0.2994188822368718,-0.16942983225007424
