test_size %,Slight-Right-Turn_Precision,Sharp-Right-Turn_Precision,Move-Forward_Precision,Slight-Left-Turn_Precision,Slight-Right-Turn_Recall,Sharp-Right-Turn_Recall,Move-Forward_Recall,Slight-Left-Turn_Recall,Slight-Right-Turn_F1,Sharp-Right-Turn_F1,Move-Forward_F1,Slight-Left-Turn_F1,mean_time (s)
20.0,0.4168846099930116,0.793775786806115,0.7205575897202818,0.39685535287346707,0.7807272727272728,0.7518095238095238,0.36716553287981873,0.9586363636363627,0.5433374764273328,0.7720652295219166,0.48605472706377967,0.5609957308402443,0.006574937999903341
30.0,0.41538059549730105,0.7951601130669564,0.7215393543326172,0.39396209864010845,0.7787500000000002,0.7484419713831474,0.3695770392749243,0.9625510204081631,0.5415964595784127,0.7709014770874585,0.4883994658075354,0.5589535165970511,0.006447172999833129
50.0,0.4101801595247131,0.7979467710791484,0.722448725569698,0.39416506834246173,0.7768765133171918,0.7420025433164263,0.3709923686102743,0.9634146341463414,0.5366616633195996,0.7686235017336318,0.48961040891411434,0.5593689561588672,0.006297085000041989
70.0,0.40913856869938736,0.7988454833356395,0.7222848628955023,0.3941113534651625,0.7765224913494809,0.7382425068119893,0.37285621761658044,0.963217391304349,0.5356053736436697,0.7667453788697495,0.49093728993623187,0.5593261996645367,0.00614303899994411
80.0,0.40637962488456,0.799179907365482,0.7263711591409084,0.3928099259340074,0.7717246596066566,0.7370679380214541,0.37374716553287984,0.9621755725190839,0.5319380091623576,0.7657251083380082,0.492164224489372,0.5578494687925662,0.006075025999743957
