test_size,accuracy,recall,f1-score,time
20.0%,0.7979670329670333,0.8231650432900431,0.7877753770945128,0.006656673000052251
30.0%,0.7979108124618203,0.8253620378699317,0.7882574049806967,0.006391134999903443
50.0%,0.7985337243401754,0.8265726855205919,0.7888010907511951,0.006304839999975229
70.0%,0.7932827225130887,0.8194045940908211,0.7820451493801478,0.0062864129999616125
80.0%,0.7925292096219927,0.8186848098356064,0.7808671129913809,0.006227000999951997
