test_size,mean_acc,std_acc,max_acc,min_acc,median_acc,mean_recall,mean_f1-score,mean_time
20.0,0.8870512820512819,0.009840995263653668,0.9194139194139194,0.8635531135531136,0.8864468864468864,0.8956903473510617,0.8745386809402551,0.012194005999917863
30.0,0.8874832009773976,0.007903530516568391,0.9034819792302994,0.8643860720830788,0.8872938301771534,0.8967350537402686,0.8752119217269596,0.01198833399994328
50.0,0.8864699413489735,0.005576257852833089,0.8977272727272727,0.8728005865102639,0.8874633431085044,0.8956679104366206,0.8740372046809262,0.011670589000004838
70.0,0.8854083769633508,0.006020443867363752,0.8986910994764398,0.8596858638743455,0.8857329842931937,0.8948324108590748,0.8729835825079523,0.011187377999904128
80.0,0.8842863688430701,0.007501392439015657,0.9060710194730813,0.8591065292096219,0.8847651775486827,0.8942688640701093,0.8713955717146742,0.011114357000078599
