test_size,accuracy,time
20.0%,0.8005128205128206,0.006311330000135058
30.0%,0.7979413561392793,0.006433880000004138
50.0%,0.7985923753665689,0.006145304999845394
70.0%,0.7951125654450264,0.006316446999953769
80.0%,0.7917617411225655,0.006197474000036891
