test_size,accuracy,recall,f1-score,time
20.0%,0.8001373626373629,0.8279254277468566,0.7916283477778819,0.006611019000065426
30.0%,0.7988576664630422,0.8267448430178326,0.7895182851277539,0.006437142999911885
50.0%,0.7991935483870967,0.8273408513517357,0.7893178726173486,0.006337420000018028
70.0%,0.7964685863874343,0.8243359483193848,0.7863105283389369,0.006291817000037554
80.0%,0.7942703321878573,0.8214840081281233,0.78343221724513,0.006264412000055017
