test_size,mean_acc,std_acc,max_acc,min_acc,median_acc,mean_recall,mean_f1-score,mean_time
20.0,0.8007875457875457,0.011866252168785868,0.8287545787545788,0.7673992673992674,0.8021978021978022,0.8270788754895898,0.791228328597122,0.006340556999784894
30.0,0.7997800855222968,0.009062003865990126,0.8204031765424558,0.7745876603543067,0.7999389126450824,0.8264613776544418,0.7898727100419302,0.006263144999320502
50.0,0.7986693548387097,0.00845286855015032,0.8174486803519062,0.7771260997067448,0.7989369501466275,0.8255919662465664,0.7887948380279335,0.006231024999651709
70.0,0.7961125654450263,0.010784029745514909,0.8198952879581152,0.7701570680628272,0.7956806282722513,0.8231349243592567,0.7854217200829156,0.006148754000023473
80.0,0.7944536082474226,0.013638847542208765,0.827262313860252,0.7631156930126002,0.7942726231386025,0.8203931406167513,0.7827032108153038,0.006116420000107609
