test_size,accuracy,recall,f1-score,time
20.0%,0.7987179487179488,0.8262552051123484,0.7890962745911115,0.006309156999968764
30.0%,0.8000305436774592,0.8276661165368943,0.7906134148541736,0.006406797000026927
50.0%,0.7982807917888566,0.824443362177011,0.7885172795099656,0.006159491999992497
70.0%,0.7984947643979055,0.8273858856107111,0.7885981896927897,0.0062142750000020895
80.0%,0.7931706758304691,0.818498928568745,0.7819462373084944,0.00609363600000961
