test_size,mean_acc,std_acc,max_acc,min_acc,median_acc,mean_recall,mean_f1-score,mean_time
20.0,0.6133424908424907,0.01250451420587635,0.6391941391941391,0.5824175824175825,0.6153846153846154,0.7145846732632447,0.5906132909633184,0.006574937999903341
30.0,0.6126389737324374,0.010594701386516097,0.6389737324373854,0.5870494807574832,0.6142333536957849,0.714830007766559,0.5899627297676144,0.006447172999833129
50.0,0.6106598240469209,0.009476395637876603,0.6403958944281525,0.5898093841642229,0.6094208211143695,0.7133215148475585,0.5885661325315532,0.006297085000041989
70.0,0.6098952879581152,0.011650891108266231,0.6350785340314136,0.5853403141361256,0.6086387434554974,0.7127096517705995,0.588153560528547,0.00614303899994411
80.0,0.6090011454753721,0.015092316648909464,0.6428407789232532,0.5741122565864833,0.6089347079037801,0.7111788339200186,0.586919202695576,0.006075025999743957
