test_size,accuracy,recall,f1-score,time
20.0%,0.8000549450549456,0.8269233405483405,0.7907443094854907,0.00635768400017696
30.0%,0.7994502138057423,0.8257507939868803,0.7893011930409525,0.0062647720005043084
50.0%,0.7975109970674487,0.8240420867806598,0.7874325295658386,0.006082604000039282
70.0%,0.7953691099476441,0.8225332833261463,0.7852701875275981,0.0060999380003340774
80.0%,0.7924994272623128,0.8188585028239623,0.781047761632237,0.006058252000366337
