test_size,accuracy,recall,f1-score,time
20.0%,0.8005036630036634,0.8270163883735314,0.7904391476645201,0.0065719850001187295
30.0%,0.7961453879047032,0.8227459210257699,0.7855616735150944,0.006472282000067935
50.0%,0.7978445747800588,0.8247624345305227,0.7879747930382596,0.006908576999885554
70.0%,0.7946963350785342,0.822166063567215,0.7842055196820827,0.006166992999969807
80.0%,0.7908361970217637,0.8142236936508321,0.7782060764717823,0.006067627999909746
