test_size %,Slight-Right-Turn_Precision,Sharp-Right-Turn_Precision,Move-Forward_Precision,Slight-Left-Turn_Precision,Slight-Right-Turn_Recall,Sharp-Right-Turn_Recall,Move-Forward_Recall,Slight-Left-Turn_Recall,Slight-Right-Turn_F1,Sharp-Right-Turn_F1,Move-Forward_F1,Slight-Left-Turn_F1,mean_time (s)
20.0,0.4329576081716098,0.7390943527715538,0.6262106777691627,0.34833696307349166,0.6946666666666667,0.6328333333333331,0.4130839002267574,0.9269696969696958,0.533164127585789,0.6815974848309078,0.4974631814615452,0.5061092689445004,0.006249414999838336
30.0,0.43380282282985866,0.7383602365521584,0.6282235615392732,0.3471233366430163,0.6940322580645157,0.6312718600953895,0.4160725075528697,0.9298979591836738,0.5336160039156728,0.6804711924976897,0.5003342317190933,0.5053740767353732,0.006185459999323939
50.0,0.4365586695345795,0.7381909050718589,0.6335076190723508,0.3484651444930897,0.6987651331719128,0.6297361354688945,0.4203384022785571,0.9305487804878046,0.537021626407809,0.679515755043302,0.5050337862801946,0.5069548076477942,0.00597932599914202
70.0,0.45019583997858903,0.7376877671117649,0.6404796426800569,0.3484426087473988,0.7052768166089965,0.6240940054495911,0.43756476683937806,0.9280000000000008,0.5489196478159056,0.6758783243110429,0.5194137059635916,0.506570443459976,0.005831945000245468
80.0,0.46345252017829275,0.7373187552011256,0.6485014037608491,0.34722600251888025,0.7140090771558242,0.6220798569725864,0.4509070294784581,0.923969465648855,0.5611855017615976,0.6744059303953047,0.531251844738806,0.5046667636544714,0.005748724999866681
