test_size,accuracy,time
20.0%,0.7976465201465202,0.006273196000038297
30.0%,0.7991936469150888,0.006229848000075435
50.0%,0.7975366568914953,0.006106003000058991
70.0%,0.7949240837696336,0.006051226999916253
80.0%,0.7916357388316143,0.006075600999938615
