test_size,mean_acc,std_acc,max_acc,min_acc,median_acc,mean_recall,mean_f1-score,mean_time
20.0,0.8052838827838827,0.010452128383718548,0.8269230769230769,0.7738095238095238,0.8058608058608059,0.8545522057307773,0.8016410763779159,0.006603375000267988
30.0,0.8058460598656079,0.00771398337242222,0.8216249236408063,0.7837507635919365,0.8060476481368357,0.8554697308716037,0.8019689619930713,0.006558121000052779
50.0,0.804882697947214,0.006018673124080232,0.8167155425219942,0.7906891495601173,0.8048020527859236,0.8545007723184693,0.8015704265882728,0.006478355999643099
70.0,0.8031570680628275,0.006185971886776257,0.819109947643979,0.787696335078534,0.8027486910994764,0.85282182469486,0.7990331369728448,0.006229754000014509
80.0,0.8013287514318442,0.006843311849953816,0.8153493699885452,0.784192439862543,0.8019473081328752,0.8508792238235778,0.7972722364804877,0.006235816999615054
