test_size,mean_acc,std_acc,max_acc,min_acc,median_acc,mean_recall,mean_f1-score,mean_time
20.0,0.6014194139194139,0.013375215361651639,0.6309523809523809,0.5631868131868132,0.6002747252747253,0.6752824675324676,0.5745761421498753,0.0063924490001227244
30.0,0.6014599877825291,0.01063940943040763,0.6230910201588271,0.5650580329871716,0.6029321930360415,0.6757223109129626,0.574235783843957,0.006221597000549081
50.0,0.6027456011730207,0.009694662584994284,0.6224340175953079,0.5769794721407625,0.6035557184750733,0.6764764392886176,0.574974906637835,0.006219882999794209
70.0,0.6067643979057591,0.019696851395099236,0.6910994764397905,0.5793193717277487,0.6027486910994764,0.6801142303532945,0.5793345295503096,0.006054497999793966
80.0,0.6093104238258877,0.02462107094758109,0.7019473081328751,0.5624284077892325,0.6028636884306987,0.6816007464429191,0.5814736189472324,0.005977583999701892
