m,mean_acc,std_acc,max_acc,min_acc,median_acc,mean_recall,mean_f1-score,mean_time
0.50,0.961675219941349,0.0035850271215622487,0.968475073313783,0.9516129032258065,0.9622434017595308,0.9533488621716137,0.9574682096461501,0.33695186700000707
0.67,0.9609457478005866,0.0036823010692957517,0.968108504398827,0.9516129032258065,0.9613269794721409,0.9529463222509118,0.9567341919243161,0.783895720000055
1.00,0.9599743401759533,0.0038301435078220963,0.967741935483871,0.9508797653958945,0.9598607038123168,0.9511109228646272,0.9550836340461119,0.3527806139999848
1.50,0.9588086510263929,0.0036545486872453336,0.966642228739003,0.9486803519061584,0.9589442815249267,0.9501302310873652,0.9537967010214712,0.7825992620000034
2.00,0.9573936950146628,0.0035174784898316293,0.9648093841642229,0.9472140762463344,0.9574780058651027,0.9483631506633619,0.9522976091330263,0.32227026500002465
2.50,0.9566788856304985,0.003531023474730159,0.9644428152492669,0.9475806451612904,0.9567448680351907,0.947956860075174,0.9516874316746177,0.7806404679999105
