m,accuracy,recall,f1-score,time
0.50,0.9405154639175249,0.9327711685922674,0.937264352544948,0.22873641299995143
0.67,0.9400366552119119,0.9318174251530895,0.9363469571669909,0.2268905839999752
1.00,0.9398808705612822,0.9309951944757462,0.9358676516608666,0.22779244499999549
1.50,0.9411248568155774,0.9326639512482826,0.9374712227028718,0.22763150700009646
2.00,0.94035738831615,0.9316501545332886,0.9365339737913635,0.22863783100006912
2.50,0.9409484536082465,0.9320060861885696,0.9371404105429924,0.22898413999995682
