m,mean_acc,std_acc,max_acc,min_acc,median_acc,mean_recall,mean_f1-score,mean_time
0.50,0.9516570680628272,0.003992992786467288,0.9609947643979058,0.9405759162303665,0.9515706806282722,0.9434631218993345,0.9478627925642938,0.2862748440000178
0.67,0.9509528795811516,0.003977252277151319,0.9594240837696335,0.9397905759162304,0.9511780104712042,0.9426825773656085,0.9467799493614625,0.6566716659998747
1.00,0.9493664921465966,0.004065804894682869,0.956544502617801,0.937434554973822,0.949869109947644,0.9400321720712107,0.9442825130664362,0.29734391500005586
1.50,0.9474031413612565,0.004310665507864534,0.9544502617801047,0.9345549738219895,0.9477748691099477,0.9376488602987254,0.9421049739879063,0.6569262249999883
2.00,0.945434554973822,0.004444301521478416,0.9531413612565445,0.9324607329842932,0.9460732984293194,0.9349351380059373,0.9398259075165007,0.27105278400016686
2.50,0.9443481675392671,0.004422626700173374,0.9539267015706806,0.9321989528795811,0.9445026178010472,0.9338673573681773,0.9387280397016178,0.6557612109999537
