m,accuracy,recall,f1-score,time
0.50,0.9513246073298428,0.9437785706263242,0.9477879839824876,0.2936961849999716
0.67,0.9507696335078538,0.9424937821655525,0.9470468059418985,0.2936903789999269
1.00,0.9513350785340312,0.9432510900334298,0.9475997514103508,0.2924062380000396
1.50,0.9505994764397901,0.9421990528585067,0.9464080763068208,0.29259849300002316
2.00,0.9517643979057593,0.9443907036641832,0.9482525170527879,0.29181887500009906
2.50,0.9511125654450261,0.9432165818261831,0.94714653752944,0.2922895820000667
