m,accuracy,recall,f1-score,time
0.50,0.9624083577712615,0.9547301675795365,0.958641340308769,0.34386806999991676
0.67,0.9610887096774191,0.9534605409217772,0.9571499651910956,0.7955793399999674
1.00,0.9601246334310853,0.9516487221253729,0.9552184058334261,0.3577040799999304
1.50,0.9594574780058649,0.9519206907853226,0.9547048997433076,0.7938094340001771
2.00,0.9576466275659823,0.948639920105682,0.9522085322261463,0.3217523750000328
2.50,0.9567888563049849,0.9492561798069888,0.9518278327877987,0.7941278100002092
