m,accuracy,recall,f1-score,time
0.50,0.9403940435280634,0.9314795316380681,0.9365289333039424,0.22600064900005237
0.67,0.9394135166093917,0.9312250483327269,0.9353793927313645,0.509005647999802
1.00,0.9356288659793808,0.926321838911442,0.9303300369379014,0.23378461499989497
1.50,0.9331500572737678,0.9244331217521574,0.9282463649909336,0.5156207599997651
2.00,0.9301786941580749,0.9206084987369719,0.9248341217488776,0.21420373199987808
2.50,0.9284765177548674,0.9176099534577387,0.9227978090446605,0.5163304350001635
