m,accuracy,recall,f1-score,time
0.50,0.9665791081246187,0.960002018086318,0.9631609787601763,0.28182807700002743
0.67,0.9674893097128892,0.959624129554471,0.9635081708704647,0.2821458370000255
1.00,0.9667623701893712,0.9586216722569048,0.9630031972241375,0.2837736919999952
1.50,0.9669700671960902,0.9605873974991345,0.9637685304001704,0.28930990600001677
2.00,0.9669639584605989,0.9587965259601101,0.9628246834143985,0.2894222510000145
2.50,0.967104459376909,0.9592913289261135,0.9630737782471787,0.28827161699997306
