m,mean_acc,std_acc,max_acc,min_acc,median_acc,mean_recall,mean_f1-score,mean_time
0.50,0.9680036630036629,0.005072003652886228,0.978021978021978,0.9514652014652014,0.967948717948718,0.9606067563388991,0.9645856654826589,0.21282322300005035
0.67,0.967142857142857,0.004964147108103083,0.978021978021978,0.9532967032967034,0.967032967032967,0.9598792517006802,0.9636022129932766,0.4947911109999586
1.00,0.9669871794871794,0.0052356211657643,0.9798534798534798,0.9542124542124543,0.967948717948718,0.9592424500103072,0.9630899337078851,0.22339392399990174
1.50,0.9659798534798534,0.005289799317024629,0.978021978021978,0.9505494505494505,0.9661172161172161,0.9587788857967429,0.9621526487514948,0.49513134700015143
2.00,0.9652289377289377,0.0055905149636507065,0.9761904761904762,0.9487179487179487,0.9652014652014652,0.9576205421562566,0.9609760800813117,0.2016760540000905
2.50,0.9644597069597068,0.005596871520477212,0.9761904761904762,0.9487179487179487,0.9642857142857143,0.9572804318697176,0.9604321957988995,0.4918035700001019
