m,accuracy,recall,f1-score,time
0.50,0.9677031154551007,0.9600529853499441,0.9638900614403422,0.28609697499989123
0.67,0.9661453879047036,0.9591159682277949,0.9622669587385778,0.6640713150002193
1.00,0.9655222968845447,0.9578356300940086,0.9612417832777344,0.2980009899999277
1.50,0.9652412950519244,0.9590405684352226,0.9615271669229638,0.6638738089997787
2.00,0.9627672571777649,0.9555203512318228,0.9582489709328346,0.268653782000074
2.50,0.9627672571777639,0.9544916907751282,0.9579723342690276,0.6690083379999123
