m,accuracy,time
0.50,0.9678008552229689,0.25915326099988306
0.67,0.9670311545510077,0.2600706500001252
1.00,0.9675320708613316,0.2600987830002123
1.50,0.9674343310934634,0.25957215499955055
2.00,0.9674160048869882,0.2593168879998848
2.50,0.9676298106292,0.25931414799961205
