m,accuracy,time
0.50,0.9508717277486913,0.26594598800016683
0.67,0.9516335078534033,0.26476491900000837
1.00,0.9515104712041885,0.2651789080002345
1.50,0.9505968586387428,0.2671328070002346
2.00,0.9510942408376967,0.26461179699996135
2.50,0.9515209424083771,0.26525468200030444
