m,mean_acc,std_acc,max_acc,min_acc,median_acc,mean_recall,mean_f1-score,mean_time
0.50,0.9406735395189004,0.005655811300994225,0.9596792668957618,0.9248568155784651,0.9413516609392898,0.931995944078891,0.9369319625662968,0.22310205000001587
0.67,0.9386116838487973,0.00592740462493179,0.9578465063001146,0.9225658648339061,0.9388316151202749,0.9296433358887429,0.9343742724419165,0.5030980279999676
1.00,0.9359564719358535,0.005835441004015931,0.9530355097365406,0.9223367697594502,0.9360824742268041,0.9260246987212348,0.9304094569067977,0.23258465499997327
1.50,0.93306529209622,0.005800681404027706,0.9482245131729667,0.9200458190148911,0.9337915234822451,0.9223638819432978,0.9273761936734007,0.5049123849999342
2.00,0.9305200458190148,0.005525807389065183,0.9441008018327606,0.9172966781214204,0.9312714776632303,0.9192631212943939,0.9245330500603363,0.2113250399998833
2.50,0.9289576174112255,0.005623572485038256,0.9418098510882016,0.9152348224513173,0.9294387170675831,0.9173615642052892,0.9227268607683297,0.5044136650000292
