m,accuracy,recall,f1-score,time
0.50,0.9517068062827222,0.9439185384124542,0.9478041364798417,0.29067549599963965
0.67,0.9501492146596862,0.9422638193573839,0.945882802128815,0.6664856050000162
1.00,0.9485994764397907,0.9402382863103468,0.9438547822866649,0.3032547970000087
1.50,0.9472958115183245,0.938137744456933,0.9421811245099491,0.6682234880004034
2.00,0.9448743455497381,0.9356538601571406,0.9397321507024572,0.2745673890000762
2.50,0.9442539267015707,0.9345632762708918,0.9387133582061474,0.6664178299997002
