m,accuracy,recall,f1-score,time
0.50,0.968644688644688,0.961080215419501,0.9650493068040182,0.21696458400001575
0.67,0.9666117216117212,0.9589522778808494,0.9626711741596508,0.5089761639999779
1.00,0.9671336996336993,0.9593900999793855,0.9630081194271886,0.22777913599991734
1.50,0.9662637362637357,0.959696892393321,0.9622248967489057,0.5052278379999916
2.00,0.965741758241758,0.9587961245104095,0.9615949470785309,0.2066013040002508
2.50,0.9638736263736258,0.956967197485055,0.9595018561871568,0.5198108420000426
