m,accuracy,time
0.50,0.940520045819014,0.20668486999966262
0.67,0.9402863688430688,0.2063657900000544
1.00,0.940524627720503,0.20955999700032407
1.50,0.940352806414661,0.20629645699998947
2.00,0.9398854524627712,0.20578193399989686
2.50,0.9397342497136301,0.20825248299952365
