m,accuracy,time
0.50,0.968498168498168,0.1977185570004076
0.67,0.9685256410256404,0.1971554069998092
1.00,0.9677930402930395,0.19697989199958102
1.50,0.9684432234432231,0.19735869699965405
2.00,0.9691941391941387,0.19804857000010087
2.50,0.9702289377289375,0.19800728399968648
