m,accuracy,recall,f1-score,time
0.50,0.9696336996336994,0.9631160070088641,0.9662529821955438,0.21623518200003672
0.67,0.968946886446886,0.9621449701092558,0.9654910388020969,0.21633312099997057
1.00,0.9698626373626367,0.9634008967223255,0.9664453537218038,0.21572970699999133
1.50,0.9696153846153841,0.9630853432282008,0.965985700772562,0.21713124400001108
2.00,0.9687179487179485,0.9608186971758399,0.9645721331927561,0.21645892199989247
2.50,0.9690934065934065,0.9628463976499687,0.9659734777056113,0.21695573900000453
