m,accuracy,time
0.50,0.962038123167156,0.31406480399993597
0.67,0.9617741935483872,0.31396865700051424
1.00,0.9618365102639299,0.3142402879997826
1.50,0.9615872434017599,0.3130997680004657
2.00,0.962129765395895,0.31402374799945393
2.50,0.9615579178885635,0.3129305649996968
