m,mean_acc,std_acc,max_acc,min_acc,median_acc,mean_recall,mean_f1-score,mean_time
0.50,0.9697678680513134,0.0035833813235970477,0.9798411728772144,0.9609040928527794,0.9694563225412339,0.9643972050551468,0.9668086199661634,0.28073512999988454
0.67,0.9703665241295052,0.0038794029630021534,0.9792302993280391,0.9609040928527794,0.9706780696395846,0.9644166444076135,0.9676799390423574,0.6527813530001003
1.00,0.9707758094074528,0.003937855980115182,0.9792302993280391,0.9590714722052535,0.9712889431887599,0.9644065186721533,0.96771337452824,0.29256225999979507
1.50,0.9710262675626146,0.003676682407898009,0.9792302993280391,0.9627367135003054,0.9709835064141723,0.9648042131157349,0.9676905507672078,0.6542648949998693
2.00,0.9703054367745877,0.0037645822819565153,0.9780085522296884,0.9602932193036041,0.9706780696395846,0.9638291571201688,0.9665352540808685,0.26469104299965696
2.50,0.9696945632254124,0.003635488073880979,0.9773976786805131,0.9602932193036041,0.9700671960904093,0.9630865289308527,0.9657973158456682,0.6532023870000194
