m,accuracy,recall,f1-score,time
0.50,0.9617961876832846,0.9544062536942406,0.9579576605913985,0.34759652000013375
0.67,0.9611950146627563,0.9540130243223577,0.9574104648597617,0.3490237879998858
1.00,0.9622837243401761,0.9540404736323858,0.9583534603638221,0.3461502790001032
1.50,0.9613526392961882,0.9533694729179488,0.9571309312391562,0.347903489000073
2.00,0.9624156891495601,0.9552230448423485,0.9586777280930038,0.348322017999908
2.50,0.9619904692082117,0.9537676469492687,0.9578411902389982,0.34831448500008266
