mink factor,Slight-Right-Turn_Precision,Sharp-Right-Turn_Precision,Move-Forward_Precision,Slight-Left-Turn_Precision,Slight-Right-Turn_Recall,Sharp-Right-Turn_Recall,Move-Forward_Recall,Slight-Left-Turn_Recall,Slight-Right-Turn_F1,Sharp-Right-Turn_F1,Move-Forward_F1,Slight-Left-Turn_F1,mean_time (s)
0.5,0.952745894387249,0.9750878475140692,0.971922119439431,0.9837440797630813,0.9629696969696971,0.9826190476190475,0.9657142857142847,0.9493939393939383,0.9577335512059234,0.978815788700181,0.9687704878696735,0.9660634004474968,0.21258715199979633
0.6666666666666666,0.9568568061106153,0.976772439925429,0.9699920909774918,0.9859217236945388,0.9598787878787876,0.9818095238095235,0.9690476190476192,0.9506060606060597,0.9582569840464521,0.9792620242819803,0.9694843089231042,0.9677474958138156,0.49605622999984916
1.0,0.9559623390136457,0.9780769589288774,0.970522223171147,0.9854359525856968,0.9605454545454544,0.9820952380952379,0.9700226757369615,0.9496969696969687,0.9581426818650007,0.9800590593153395,0.9702392809266456,0.9670475289735996,0.22308502299973043
1.5,0.9555452699611499,0.978280448877112,0.9716396190679825,0.9830261463359274,0.9623030303030307,0.9825952380952374,0.9696371882086171,0.949999999999999,0.9588187644926935,0.9804077365153014,0.9706022936592064,0.9660194014499912,0.49835402199991224
2.0,0.9524995128633371,0.978564265668558,0.9714312001243569,0.981624144186908,0.9619999999999999,0.9828095238095232,0.9684807256235831,0.9483333333333323,0.9571280459375429,0.9806553129425901,0.969919364768145,0.9644694238324167,0.20184652800002367
2.5,0.9510842820125718,0.9773768764304924,0.9717031321748253,0.9812891027271375,0.9617575757575756,0.9834047619047616,0.9668707482993193,0.9460606060606049,0.9562835896479754,0.9803529051002652,0.9692414179813993,0.9631274626122952,0.4982773980000638
