mink factor,Slight-Right-Turn_Precision,Sharp-Right-Turn_Precision,Move-Forward_Precision,Slight-Left-Turn_Precision,Slight-Right-Turn_Recall,Sharp-Right-Turn_Recall,Move-Forward_Recall,Slight-Left-Turn_Recall,Slight-Right-Turn_F1,Sharp-Right-Turn_F1,Move-Forward_F1,Slight-Left-Turn_F1,mean_time (s)
0.5,0.9503684856350553,0.9752061250319364,0.9703085961976504,0.9821825589205236,0.9604032258064517,0.9819395866454691,0.96453172205438,0.9507142857142861,0.9552834607204016,0.9785437434841007,0.9673886345024026,0.9660186411577502,0.28073512999988454
0.6666666666666666,0.9549870923366538,0.9761443138464999,0.9687052427651249,0.9851709723508232,0.9572177419354838,0.9815580286168523,0.9674622356495461,0.9514285714285718,0.9560002261333831,0.97882288669878,0.9680564652543449,0.9678401780829213,0.6527813530001003
1.0,0.9551156519364984,0.9770183767408434,0.9689890146009844,0.9842166418648135,0.9571774193548391,0.9818759936406997,0.9683685800604223,0.9502040816326531,0.9560359090600934,0.9794195905596379,0.9686485608838207,0.9667494376094067,0.29256225999979507
1.5,0.9549800269814558,0.9772856196964582,0.969792819532878,0.9813580194526195,0.9584274193548388,0.9821939586645475,0.968187311178247,0.9504081632653061,0.9566157173430391,0.979713520664596,0.9689632061892033,0.9654697588719914,0.6542648949998693
2.0,0.9523235775389027,0.9772652804794935,0.9693606606448069,0.9791505925852103,0.9578225806451611,0.9821780604133552,0.966948640483383,0.9483673469387756,0.9549728390678212,0.9796968707664508,0.9681263397675238,0.9633449667216787,0.26469104299965696
2.5,0.9508433635800795,0.9762124428121365,0.9694944767783987,0.9787242483370308,0.9575403225806448,0.9825914149443565,0.965377643504531,0.9468367346938775,0.9540791827958849,0.979372280432236,0.9674005903415234,0.9623372098130284,0.6532023870000194
